code,hex,red,green,blue,bead_count
P01,#1B1714,27,23,20,134
P02,#2A1E16,42,30,22,181
P03,#252929,37,41,41,442
P04,#3D3229,61,50,41,44
P05,#493323,73,51,35,119
P06,#3D3F40,61,63,64,45
P07,#63422E,99,66,46,171
P08,#5E5044,94,80,68,31
P09,#704D35,112,77,53,309
P10,#565554,86,85,84,33
P11,#865E4D,134,94,77,126
P12,#416F76,65,111,118,18
P13,#985B28,152,91,40,70
P14,#736D6B,115,109,107,80
P15,#94806B,148,128,107,55
P16,#8E8682,142,134,130,198
P17,#959198,149,145,152,94
P18,#BC8871,188,136,113,62
P19,#AFA7A4,175,167,164,139
P20,#CFB790,207,183,144,68
P21,#C8BBAF,200,187,175,150
P22,#E5B396,229,179,150,362
P23,#D6D1D5,214,209,213,394
P24,#E0D3C6,224,211,198,521
P25,#7E915C,126,145,92,2
