row/col,1,2,3,4,5,6,7,8,9,10,11,12,13,14,15,16,17,18,19,20,21,22,23,24,25,26,27,28,29,30,31,32,33,34,35,36,37,38,39,40,41,42,43,44,45,46,47,48,49,50,51,52,53,54,55,56,57,58,59,60,61,62,63,64,65,66,67,68,69,70,71,72,73,74,75,76,77,78,79,80,81,82,83,84,85,86,87
1,,,,,,,,,,,,,,,,,P03,P03,,,,,,,,,,,,,,,,,,,,,,,,,,,,,,,,,,,,,,,,,,,,,,,,,,,,,,,,,,,,,,,,,,,,,
2,,,,,,,,,,,,,,,,P03,P17,P23,P03,,,,,,,,,,,,,,,,,,,,,,,,,,,,,,,,,,,,,,,,,,,,,,,,,,,,,,,,,,,,,,,,,,,,
3,,,,,,,,,,,,,,,P03,P17,P23,P23,P17,P03,,,,,,,,,,,,,,,,,,,,,,,,,,,,,,,,,,,,,,,,,,,,,,,,,,,,,,,,,,,,,,,,,,,
4,,,,,,,,,,,,,,,P03,P17,P23,P23,P17,P03,,,,,,,,,,,,,,,,,,,,,,,,,,,,,,,,,,,,,,,,,,,,,,,,,,,,,,,,,,,,,,,,,,,
5,,,,,,,,,,,,,,,P03,P17,P23,P23,P17,P03,,,,,,,,,,,,,,,,,,,,,,,,,,,,,,,,,,,,,,,,,,,,,,,,,,,,,,,,,,,,,,,,,,,
6,,,,,,,,,,,,,,,P03,P17,P23,P23,P17,P03,,,,,,,,,,,,,,,,,,,,,,,,,,,P03,P03,P03,P03,P03,P03,P03,P03,,,,,,,,,,,,,,,,,,,,,,,,,,,,,,,,,
7,,,,,,,,,,,,,,,P03,P17,P23,P23,P17,P03,,,,,,,,,,,,,,,,,,,,,,,,,P03,P03,P23,P23,P23,P23,P23,P23,P23,P23,P03,P03,,,,,,,,,,,,,,,,,,,,,,,,,,,,,,,
8,,,,,,,,,,,,,,,P03,P17,P23,P23,P17,P03,,,,,,,,,,,,,,,,,,,,,,,P03,P03,P23,P23,P23,P23,P23,P23,P23,P23,P23,P23,P23,P23,P03,P03,,,,,,,,,,,,,,,,,,,,,,,,,,,,,
9,,,,,,,,,,,,,,,P03,P17,P23,P23,P17,P03,,,,,,,,,,,,,,,,,,,,,P03,P03,P23,P23,P23,P23,P23,P23,P23,P23,P23,P23,P23,P23,P23,P23,P23,P23,P03,,,,,,,,,,,,,,,,,,,,,,,,,,,,
10,,,,,,,,,,,,,,,P03,P17,P23,P23,P17,P03,,,,,,,,,,,,,,,,,,,,,P03,P23,P23,P23,P23,P23,P23,P23,P23,P23,P23,P23,P23,P23,P23,P23,P23,P23,P23,P03,,,,,,,,,,,,,,,,,,,,,,,,,,,
11,,,,,,,,,,,,,,,P03,P17,P23,P23,P17,P03,,,,,,,,,,,,,,,,,,,,P03,P23,P23,P23,P23,P23,P23,P23,P23,P23,P23,P23,P23,P23,P23,P23,P23,P23,P23,P23,P03,,,,,,,,,,,,,,,,,,,,,,,,,,,
12,,,,,,,,,,,,,,,P03,P17,P23,P23,P17,P03,,,,,,,,,,,,,,,,,,,,P03,P23,P23,P23,P23,P23,P23,P23,P23,P23,P23,P23,P23,P23,P23,P23,P23,P23,P23,P23,P23,P03,,,,,,,,,,,,,,,,,,,,,,,,,,
13,,,,,,,,,,,,,,,P03,P17,P23,P23,P17,P03,,,,,,,,,,,,,,,,,,,P03,P23,P23,P23,P23,P23,P23,P23,P23,P23,P23,P23,P23,P23,P23,P23,P23,P23,P23,P23,P23,P19,P03,,,,,,,,,,,,,,,,,,,,,,,,,,
14,,,,,,,,,,,,,,,P03,P17,P23,P23,P17,P03,,,,,,,,,,,,,,,,,,,P03,P23,P23,P23,P23,P23,P23,P23,P23,P23,P23,P23,P23,P23,P23,P23,P23,P23,P23,P23,P23,P23,P03,,,,,,,,,,,,,,,,,,,,,,,,,,
15,,,,,,,,,,,,,,,P03,P17,P23,P23,P17,P03,,,,,,,,,,,,,,,,,,,P03,P23,P23,P23,P23,P23,P23,P23,P23,P23,P23,P23,P23,P23,P23,P23,P23,P23,P23,P23,P23,P23,P23,P03,,,,,,,,,,,,,,,,,,,,,,,,,
16,,,,,,,,,,,,,,,P03,P17,P23,P23,P17,P03,,,,,,,,,,,,,,,,,,,P03,P23,P23,P23,P23,P23,P23,P23,P23,P23,P23,P23,P23,P23,P23,P23,P23,P23,P23,P23,P23,P23,P23,P03,,,,,,,,,,,,,,,,,,,,,,,,,
17,,,,,,,,,,,,,,,P03,P17,P23,P23,P17,P03,,,,,,,,,,,,,,,,,,,P03,P23,P23,P23,P23,P23,P23,P23,P23,P23,P23,P23,P23,P23,P23,P23,P23,P23,P23,P23,P23,P23,P19,P03,,,,,,,,,,,,,,,,,,,,,,,,,
18,,,,,,,,,,,,,,,P03,P17,P23,P23,P17,P03,,,,,,,,,,,,,,,,,,P03,P23,P23,P23,P23,P23,P19,P17,P21,P15,P14,P23,P23,P23,P23,P23,P23,P23,P23,P23,P23,P23,P23,P23,P03,,,,,,,,,,,,,,,,,,,,,,,,,
19,,,,,,,,,,,,,,,P03,P17,P23,P23,P17,P03,,,,,,,,,,,,,,,,,,P03,P23,P23,P23,P19,P19,P15,P18,P22,P22,P22,P18,P23,P23,P23,P23,P23,P23,P23,P23,P23,P23,P23,P23,P23,P03,,,,,,,,,,,,,,,,,,,,,,,,
20,,,,,,,,,,,,,,,P03,P17,P23,P23,P17,P03,,,,,,,,,,,,,,,,,,P03,P23,P23,P23,P17,P21,P18,P22,P22,P22,P22,P22,P21,P23,P23,P23,P23,P23,P23,P23,P23,P23,P23,P23,P23,P23,P03,,,,,,,,,,,,,,,,,,,,,,,
21,,,,,,,,,,,,,,,P03,P17,P23,P23,P17,P03,,,,,,,,,,,,,,,,,,P03,P19,P23,P17,P23,P21,P22,P22,P22,P22,P22,P22,P22,P21,P19,P23,P23,P23,P23,P23,P19,P19,P23,P23,P23,P23,P03,,,,,,,,,,,,,,,,,,,,,,,
22,,,,,,,,,,,,,,,P03,P17,P23,P23,P17,P03,,,,,,,,,,,,,,,,,,P03,P19,P19,P19,P19,P18,P22,P22,P22,P22,P22,P22,P22,P22,P21,P19,P23,P23,P23,P23,P23,P19,P17,P17,P19,P23,P23,P03,,,,,,,,,,,,,,,,,,,,,,
23,,,,,,,,,,,,,,,P03,P17,P23,P23,P17,P03,,,,,,,,,,,,,,,,,,P03,P19,P19,P19,P19,P22,P22,P22,P22,P22,P22,P22,P22,P22,P21,P21,P15,P23,P23,P23,P23,P23,P23,P17,P17,P17,P17,P03,,,,,,,,,,,,,,,,,,,,,,
24,,,,,,,,,,,,,,,P03,P17,P23,P23,P17,P03,,,,,,,,,,,,,,,,,,P03,P17,P19,P19,P15,P22,P22,P22,P22,P22,P22,P22,P22,P22,P22,P21,P22,P18,P17,P23,P23,P23,P23,P23,P19,P17,P17,P03,,,,,,,,,,,,,,,,,,,,,,
25,,,,,,,,,,,,,,,P03,P17,P23,P23,P17,P03,,,,,,,,,,,,,,,,,,,P03,P19,P17,P11,P18,P22,P22,P22,P22,P22,P22,P22,P22,P22,P22,P19,P08,P07,P11,P17,P23,P23,P23,P23,P19,P19,P03,,,,,,,,,,,,,,,,,,,,,,
26,,,,,,,,,,,,,,,P03,P17,P23,P23,P17,P03,,,,,,,,,,,,,,,,,,,,P03,P17,P11,P11,P05,P05,P08,P15,P18,P22,P22,P22,P11,P04,P03,P16,P04,P01,P07,P11,P16,P17,P19,P19,P19,P03,,,,,,,,,,,,,,,,,,,,,,
27,,,,,,,,,,,,,,,P03,P17,P23,P23,P17,P03,,,,,,,,,,,,,,,,,,,,P03,P17,P11,P11,P01,P25,P04,P04,P05,P18,P22,P11,P07,P04,P16,P25,P16,P14,P18,P11,P14,P17,P17,P17,P03,,,,,,,,,,,,,,,,,,,,,,,
28,,,,,,,,,,,,,,,P03,P17,P23,P23,P17,P03,,,,,,,,,,,,,,,,,,,,P03,P19,P15,P18,P05,P08,P08,P11,P18,P18,P22,P22,P22,P18,P11,P05,P05,P18,P18,P18,P14,P17,P17,P17,P17,P03,,,,,,,,,,,,,,,,,,,,,,
29,,,,,,,,,,,,,,,P03,P17,P23,P23,P17,P03,,,,,,,,,,,,,,,P03,P03,,,,P03,P19,P14,P22,P18,P18,P18,P22,P22,P22,P22,P22,P22,P22,P22,P22,P18,P22,P22,P18,P08,P17,P23,P19,P17,P23,P03,,,,,,,,,,,,,,,,,,,,,
30,,,,,,,,,,,,,,,P03,P17,P23,P23,P17,P03,,,,,,,,,,,,,,P03,P03,P03,,,,P03,P19,P10,P18,P22,P22,P22,P22,P22,P22,P22,P22,P22,P22,P22,P22,P22,P18,P22,P18,P08,P17,P23,P23,P23,P23,P03,,,,,,,,,,,,,,,,,,,,,
31,,,,,,,,,,,,,,,P03,P17,P23,P23,P17,P03,,,,,,,,,,,,,P03,P03,P06,P14,P03,,,P03,P19,P17,P11,P22,P22,P22,P22,P22,P22,P22,P22,P22,P22,P22,P22,P22,P22,P18,P18,P10,P17,P23,P23,P23,P23,P23,P03,,,,,,,,,,,,,,,,,,,,
32,,,,,,,,,,,,,,,P03,P17,P23,P23,P17,P03,,,,,,,,,,,,P03,P03,P06,P06,P14,P03,,,P03,P23,P17,P10,P22,P22,P22,P22,P22,P22,P22,P22,P22,P22,P22,P22,P22,P22,P18,P18,P06,P17,P23,P23,P23,P23,P23,P23,P03,,,,,,,,,,,,,,,,,,,
33,,,,,,,,,,,,,,,P03,P17,P23,P23,P17,P03,,,,,,,,,,,P03,P03,P06,P06,P06,P06,P14,P03,,P03,P23,P17,P10,P18,P22,P22,P22,P22,P22,P22,P22,P22,P22,P22,P22,P22,P18,P18,P11,P06,P14,P23,P23,P23,P23,P23,P23,P23,P03,P03,,,,,,,,,,,,,,,,,
34,,,,,,,,,,,,,,,P03,P17,P23,P23,P17,P03,,,,,,,,,,,P03,P03,P06,P06,P06,P03,P06,P06,P03,P23,P23,P23,P14,P11,P18,P22,P22,P22,P22,P11,P11,P22,P22,P22,P22,P22,P18,P18,P07,P10,P14,P19,P23,P23,P23,P23,P23,P23,P23,P23,P03,P03,P03,,,,,,,,,,,,,,
35,,,,,,,,,,,,,,,P03,P17,P23,P23,P17,P03,,,,,,,,,,,,P03,P06,P06,P03,P02,P05,P07,P02,P17,P23,P23,P23,P10,P18,P22,P22,P22,P22,P22,P22,P22,P22,P22,P22,P22,P18,P11,P07,P10,P10,P17,P23,P23,P23,P23,P23,P16,P03,P03,P03,,,,,,,,,,,,,,,,
36,,,,,,,,,,,,,,,P03,P17,P23,P23,P17,P03,,,,,,,,,,,,P03,P03,P06,P14,P19,P19,P19,P15,P16,P21,P23,P23,P23,P14,P18,P22,P22,P11,P11,P11,P11,P11,P22,P22,P18,P18,P11,P11,P10,P10,P17,P23,P23,P23,P23,P23,P03,,,,,,,,,,,,,,,,,,,
37,,,,,,,,,,,,,,,P03,P17,P23,P23,P17,P03,,,,,,,,,,,,,P03,P21,P24,P24,P24,P19,P07,P09,P16,P23,P23,P23,P19,P14,P22,P22,P18,P18,P18,P18,P22,P22,P22,P18,P11,P11,P11,P08,P14,P14,P17,P23,P23,P19,P19,P23,P03,,,,,,,,,,,,,,,,,,
38,,,,,,,,,,,,,,,P03,P17,P23,P23,P17,P03,,,,,,,,,,,,P03,P21,P24,P24,P24,P24,P09,P07,P07,P08,P17,P23,P23,P23,P19,P14,P22,P22,P18,P18,P18,P22,P22,P18,P11,P11,P11,P11,P11,P10,P14,P17,P23,P23,P23,P19,P17,P23,P03,,,,,,,,,,,,,,,,,
39,,,,,,,,,,,,,,,P03,P17,P23,P23,P17,P03,,,,,,,,,P03,P03,P03,P24,P24,P24,P24,P24,P15,P07,P07,P05,P21,P19,P19,P23,P23,P19,P17,P11,P22,P22,P22,P22,P22,P22,P11,P11,P11,P11,P11,P11,P11,P14,P14,P17,P23,P23,P23,P17,P17,P23,P03,,,,,,,,,,,,,,,,
40,,,,,,,,,,,,,,,P03,P17,P23,P23,P17,P03,,,,,,,,P03,P24,P24,P24,P24,P24,P24,P24,P24,P07,P07,P07,P16,P24,P21,P08,P19,P14,P23,P16,P14,P11,P22,P22,P22,P18,P11,P11,P11,P11,P11,P11,P11,P18,P18,P14,P17,P17,P23,P23,P23,P17,P16,P03,,,,,,,,,,,,,,,,
41,,,,,,,,,,,P03,P03,P03,P03,P03,P03,P03,P03,P03,P03,P03,P03,P03,P03,P03,,P03,P19,P24,P24,P24,P24,P24,P24,P24,P19,P07,P07,P05,P24,P24,P16,P09,P19,P18,P11,P19,P11,P11,P11,P11,P11,P11,P11,P11,P11,P11,P11,P11,P22,P22,P22,P22,P15,P14,P17,P23,P23,P23,P17,P03,,,,,,,,,,,,,,,,
42,,,,,,,,,,P03,P03,P17,P17,P17,P17,P17,P17,P17,P17,P17,P17,P17,P17,P17,P03,P03,P16,P21,P24,P24,P24,P24,P24,P24,P24,P11,P07,P07,P14,P24,P21,P11,P11,P21,P22,P18,P11,P11,P11,P11,P11,P11,P11,P11,P11,P11,P11,P11,P22,P22,P22,P22,P22,P22,P22,P14,P17,P19,P21,P21,P19,P03,P03,P03,P03,,,,,,,,,,,,
43,,,,,,,,,,,,P03,P03,P03,P03,P03,P03,P03,P03,P03,P03,P03,P03,P03,,P03,P16,P24,P24,P24,P24,P24,P24,P24,P21,P07,P07,P05,P21,P24,P15,P11,P22,P22,P22,P22,P11,P11,P11,P11,P11,P11,P11,P11,P11,P11,P11,P22,P22,P22,P22,P22,P22,P22,P21,P21,P21,P21,P24,P21,P24,P24,P24,P21,P21,P03,,,,,,,,,,,
44,,,,,,,,,,,,,P03,P07,P05,P05,P03,P05,P03,P02,P05,P05,P05,P14,P03,P16,P19,P24,P24,P24,P24,P24,P24,P24,P15,P07,P07,P08,P24,P19,P09,P18,P22,P22,P22,P22,P22,P11,P11,P11,P11,P11,P11,P11,P11,P11,P22,P22,P22,P22,P22,P22,P21,P21,P21,P24,P24,P24,P24,P24,P24,P24,P24,P24,P19,P03,,,,,,,,,,,
45,,,,,,,,,,,,P03,P09,P09,P09,P09,P03,P05,P03,P05,P07,P05,P11,P21,P21,P16,P19,P19,P19,P24,P24,P21,P24,P24,P15,P07,P07,P16,P21,P11,P11,P22,P22,P22,P22,P22,P22,P22,P22,P11,P11,P11,P11,P11,P11,P18,P22,P22,P22,P22,P22,P21,P21,P24,P24,P24,P24,P24,P24,P24,P24,P24,P24,P21,P16,P03,,,,,,,,,,,
46,,,,,,,,,,,,P03,P09,P09,P07,P07,P03,P05,P03,P07,P05,P07,P15,P24,P21,P16,P19,P19,P19,P21,P21,P21,P24,P24,P07,P07,P07,P16,P14,P11,P18,P22,P22,P22,P22,P22,P22,P22,P22,P22,P11,P11,P11,P11,P11,P22,P22,P22,P22,P22,P21,P21,P24,P24,P24,P24,P24,P24,P24,P24,P24,P24,P24,P21,P16,P03,,,,,,,,,,,
47,,,,,,,,,,P03,P03,P09,P09,P09,P07,P09,P03,P05,P03,P07,P05,P05,P15,P21,P19,P14,P19,P19,P16,P19,P19,P24,P24,P24,P07,P07,P05,P19,P08,P11,P22,P22,P22,P22,P22,P22,P22,P22,P22,P22,P22,P11,P11,P11,P18,P22,P22,P22,P22,P21,P21,P24,P24,P24,P24,P24,P24,P24,P24,P24,P24,P24,P24,P24,P19,P03,,,,,,,,,,,
48,,,,,,,,,P03,P13,P07,P09,P09,P09,P09,P09,P03,P05,P03,P02,P02,P05,P15,P21,P19,P14,P16,P16,P14,P16,P16,P24,P24,P21,P08,P08,P08,P16,P07,P18,P22,P22,P22,P22,P22,P22,P22,P22,P22,P22,P22,P22,P22,P22,P22,P22,P22,P22,P21,P21,P24,P24,P24,P24,P24,P24,P24,P24,P24,P24,P24,P24,P24,P24,P24,P03,,,,,,,,,,,
49,,,,,,,,P03,P13,P13,P05,P09,P09,P09,P09,P09,P03,P05,P03,P05,P02,P05,P11,P19,P16,P16,P14,P16,P14,P14,P16,P24,P24,P19,P07,P07,P08,P16,P09,P18,P22,P22,P22,P22,P22,P22,P22,P22,P22,P22,P22,P22,P22,P22,P22,P22,P22,P22,P21,P24,P24,P16,P24,P24,P24,P24,P24,P24,P24,P24,P24,P24,P24,P24,P24,P24,P03,,,,,,,,,,
50,,,,,,,P03,P13,P07,P09,P05,P09,P09,P09,P09,P09,P03,P05,P03,P02,P05,P05,P05,P16,P14,P14,P14,P14,P14,P14,P19,P24,P24,P19,P05,P02,P10,P21,P11,P22,P22,P22,P22,P22,P22,P22,P22,P22,P22,P22,P22,P22,P22,P22,P22,P22,P22,P21,P19,P24,P19,P19,P24,P24,P24,P24,P24,P24,P24,P24,P24,P24,P24,P24,P24,P24,P03,,,,,,,,,,
51,,,,,,,P03,P13,P07,P07,P05,P09,P09,P09,P09,P09,P03,P05,P03,P02,P05,P05,P05,P05,P14,P14,P14,P14,P14,P14,P19,P24,P24,P14,P10,P16,P16,P21,P21,P22,P22,P22,P22,P22,P22,P22,P22,P22,P22,P22,P22,P22,P22,P22,P22,P22,P21,P19,P24,P21,P16,P21,P24,P24,P24,P24,P24,P24,P24,P24,P24,P24,P24,P24,P24,P24,P03,,,,,,,,,,
52,,,,,,,P03,P09,P05,P05,P05,P07,P07,P07,P07,P07,P03,P05,P03,P02,P05,P05,P05,P02,P04,P14,P14,P14,P14,P14,P21,P24,P24,P10,P11,P07,P10,P21,P21,P21,P22,P22,P22,P22,P22,P22,P22,P22,P22,P22,P22,P22,P22,P22,P22,P21,P16,P21,P24,P16,P19,P21,P24,P24,P24,P24,P24,P24,P24,P24,P24,P24,P24,P24,P24,P24,P24,P03,,,,,,,,,
53,,,,,,P03,P13,P09,P05,P05,P05,P07,P09,P07,P07,P05,P03,P05,P03,P02,P02,P02,P02,P02,P02,P02,P10,P14,P14,P14,P21,P24,P24,P08,P08,P07,P04,P21,P21,P24,P24,P22,P22,P22,P22,P22,P22,P22,P22,P22,P22,P22,P22,P22,P22,P19,P16,P24,P19,P14,P19,P24,P24,P24,P24,P24,P24,P24,P24,P24,P24,P24,P24,P24,P24,P24,P21,P03,,,,,,,,,
54,,,,,,P03,P07,P05,P05,P02,P04,P07,P09,P09,P09,P09,P03,P05,P03,P01,P02,P02,P02,P02,P02,P02,P02,P02,P04,P04,P21,P24,P24,P15,P08,P07,P04,P24,P21,P24,P24,P24,P21,P22,P22,P22,P22,P22,P22,P22,P22,P22,P22,P21,P19,P16,P16,P16,P16,P16,P24,P24,P24,P24,P24,P24,P24,P24,P24,P24,P24,P24,P24,P24,P24,P21,P16,P03,,,,,,,,,
55,,,,,P03,P13,P05,P05,P05,P02,P02,P02,P04,P02,P02,P02,P01,P01,P01,P01,P02,P02,P02,P02,P02,P02,P02,P03,P03,P03,P21,P21,P21,P15,P07,P07,P08,P24,P24,P19,P19,P16,P19,P19,P22,P22,P22,P22,P22,P22,P21,P19,P19,P16,P16,P16,P16,P16,P16,P21,P24,P24,P24,P24,P24,P24,P24,P24,P24,P24,P24,P24,P24,P24,P21,P16,P16,P03,,,,,,,,,
56,,,,,P03,P07,P05,P05,P05,P02,P02,P02,P02,P01,P03,P03,P01,P01,P02,P02,P01,P02,P02,P03,P03,P03,P03,,,,P03,P20,P20,P15,P07,P07,P05,P24,P24,P16,P14,P14,P14,P16,P18,P22,P21,P19,P19,P16,P16,P16,P16,P16,P16,P16,P16,P16,P19,P24,P24,P24,P24,P24,P24,P24,P24,P24,P24,P24,P24,P24,P24,P19,P16,P16,P16,P03,,,,,,,,,
57,,,,,,P03,P02,P07,P02,P02,P02,P02,P01,P03,P06,P06,P03,P01,P02,P02,P02,P03,P03,,,,,,,P03,P20,P20,P20,P20,P07,P07,P07,P20,P20,P19,P14,P14,P16,P21,P18,P19,P19,P16,P16,P16,P16,P16,P16,P16,P16,P16,P21,P19,P21,P19,P19,P19,P19,P19,P21,P24,P24,P24,P24,P24,P24,P24,P24,P19,P16,P16,P19,P03,,,,,,,,,
58,,,,,,P03,P05,P07,P02,P02,P02,P02,P03,P10,P06,P06,P06,P01,P02,P02,P03,,,,,,,,,P03,P20,P20,P20,P20,P07,P07,P07,P20,P20,P20,P15,P15,P19,P21,P22,P21,P19,P16,P16,P16,P16,P16,P16,P19,P21,P24,P21,P08,P07,P07,P09,P15,P21,P21,P21,P24,P24,P24,P24,P24,P24,P24,P24,P21,P16,P16,P19,P03,,,,,,,,,
59,,,,,,,P03,P09,P03,P03,P02,P02,P02,P06,P06,P06,P06,P01,P02,P02,P03,,,,,,,,,P03,P20,P20,P20,P20,P07,P07,P07,P15,P20,P20,P20,P20,P20,P15,P18,P21,P16,P14,P14,P16,P19,P21,P24,P21,P21,P15,P09,P09,P09,P09,P09,P09,P09,P15,P24,P24,P24,P24,P24,P24,P24,P24,P24,P16,P16,P16,P19,P03,,,,,,,,,
60,,,,,,,,P03,P03,P03,P03,P05,P05,P03,P03,P01,P01,P01,P02,P03,,,,,,,,,,P03,P24,P24,P21,P21,P11,P07,P07,P11,P20,P20,P20,P20,P15,P15,P20,P20,P20,P20,P20,P20,P21,P21,P21,P09,P09,P09,P09,P09,P09,P09,P09,P09,P09,P09,P11,P24,P24,P24,P24,P24,P24,P24,P16,P16,P16,P16,P16,P03,,,,,,,,,
61,,,,,,,,P03,,P03,P04,P09,P09,P09,P07,P05,P04,P04,P05,P03,,,,,,,,,P03,P24,P24,P24,P24,P24,P15,P07,P07,P07,P20,P20,P20,P15,P15,P20,P15,P20,P20,P20,P20,P20,P20,P20,P20,P09,P09,P09,P09,P09,P09,P05,P05,P09,P09,P09,P09,P11,P24,P24,P24,P24,P24,P24,P16,P16,P16,P16,P16,P03,,,,,,,,,
62,,,,,,,,,,P03,P05,P09,P09,P09,P09,P09,P09,P09,P09,P07,P03,,,,,,,,P03,P24,P24,P24,P24,P24,P19,P07,P07,P07,P24,P20,P15,P15,P15,P15,P20,P20,P20,P20,P20,P20,P20,P20,P09,P09,P05,P07,P09,P09,P09,P05,P09,P09,P09,P09,P09,P09,P15,P24,P24,P21,P16,P16,P16,P16,P16,P16,P03,,,,,,,,,,
63,,,,,,,,,,P03,P07,P09,P09,P09,P09,P09,P09,P09,P09,P07,P03,,,,,,,P03,P24,P24,P24,P24,P24,P24,P21,P07,P07,P07,P16,P20,P20,P15,P15,P08,P20,P20,P20,P20,P20,P20,P20,P11,P07,P05,P05,P05,P07,P08,P02,P09,P09,P09,P09,P09,P09,P09,P07,P19,P21,P24,P16,P16,P16,P16,P16,P03,,,,,,,,,,,
64,,,,,,,,,,P03,P09,P09,P09,P09,P09,P09,P09,P07,P07,P07,P07,P03,,,,,,P03,P24,P24,P24,P24,P24,P24,P24,P07,P07,P07,P15,P15,P15,P20,P15,P16,P24,P24,P24,P21,P20,P20,P20,P07,P07,P09,P07,P07,P02,P01,P05,P09,P09,P09,P09,P09,P09,P07,P07,P05,P19,P21,P16,P16,P16,P16,P16,P03,,,,,,,,,,,
65,,,,,,,,,,P03,P09,P09,P09,P09,P09,P09,P09,P09,P07,P09,P09,P07,P03,P03,,,P03,P24,P24,P24,P24,P24,P24,P24,P24,P15,P07,P07,P08,P21,P15,P15,P14,P21,P24,P24,P24,P24,P24,P24,P08,P07,P07,P09,P09,P09,P09,P09,P07,P05,P09,P09,P09,P09,P07,P07,P05,P05,P10,P16,P16,P16,P16,P16,P16,P03,,,,,,,,,,,
66,,,,,,,,,,P03,P09,P09,P09,P09,P09,P09,P09,P07,P09,P09,P09,P09,P09,P07,P03,P03,P08,P08,P15,P15,P21,P24,P24,P24,P24,P15,P07,P07,P05,P14,P10,P08,P12,P06,P12,P21,P21,P21,P21,P19,P19,P21,P21,P19,P15,P09,P09,P09,P09,P07,P05,P07,P09,P09,P05,P05,P05,P02,P04,P16,P16,P16,P16,P16,P03,,,,,,,,,,,,
67,,,,,,,,,,P03,P09,P09,P09,P09,P09,P09,P07,P09,P09,P09,P09,P09,P07,P09,P09,P09,P09,P09,P09,P09,P09,P09,P11,P15,P15,P15,P07,P07,P07,P09,P13,P12,P06,P01,P10,P21,P21,P21,P24,P24,P21,P21,P21,P24,P24,P19,P09,P09,P09,P09,P07,P02,P02,P02,P02,P02,P02,P02,P04,P16,P16,P16,P16,P03,,,,,,,,,,,,,
68,,,,,,,,,,P03,P09,P09,P09,P09,P09,P09,P07,P09,P09,P09,P09,P09,P09,P09,P09,P09,P09,P09,P09,P09,P09,P09,P09,P09,P13,P13,P13,P13,P13,P13,P13,P12,P19,P16,P21,P21,P24,P24,P24,P24,P24,P24,P24,P24,P24,P24,P21,P07,P09,P09,P09,P07,P05,P02,P02,P02,P02,P02,P04,P14,P14,P16,P03,,,,,,,,,,,,,,
69,,,,,,,,,,P03,P07,P07,P09,P09,P07,P09,P07,P07,P09,P09,P09,P09,P09,P09,P09,P09,P09,P09,P09,P09,P09,P09,P09,P13,P13,P13,P13,P13,P13,P13,P12,P12,P24,P24,P21,P24,P24,P24,P24,P24,P24,P24,P24,P24,P24,P24,P21,P19,P07,P09,P09,P07,P05,P05,P02,P02,P02,P02,P04,P04,P14,P03,,,,,,,,,,,,,,,
70,,,,,,,,,,P03,P05,P07,P07,P07,P07,P07,P05,P09,P07,P09,P09,P09,P09,P09,P09,P09,P09,P09,P09,P09,P09,P09,P09,P13,P13,P13,P13,P13,P13,P15,P12,P14,P24,P24,P24,P24,P24,P24,P24,P24,P24,P24,P24,P24,P24,P21,P24,P24,P15,P07,P07,P07,P05,P05,P02,P02,P02,P04,P04,P04,P04,P03,,,,,,,,,,,,,,,
71,,,,,,,,,,P03,P02,P02,P05,P07,P05,P05,P05,P07,P05,P09,P09,P09,P09,P09,P09,P09,P09,P09,P09,P09,P09,P09,P13,P13,P13,P13,P13,P13,P13,P12,P06,P21,P24,P24,P24,P24,P24,P24,P24,P24,P24,P24,P24,P24,P21,P21,P24,P24,P21,P07,P07,P05,P02,P02,P02,P02,P02,P04,P04,P04,P03,,,,,,,,,,,,,,,,
72,,,,,,,,,,,P03,P03,P01,P02,P02,P02,P02,P05,P02,P07,P09,P09,P09,P09,P09,P09,P09,P09,P09,P09,P09,P09,P09,P13,P13,P13,P13,P13,P15,P12,P19,P24,P24,P24,P24,P24,P24,P24,P24,P24,P24,P24,P24,P24,P21,P24,P24,P21,P21,P14,P05,P02,P02,P02,P02,P02,P02,P04,P04,P04,P03,,,,,,,,,,,,,,,,
73,,,,,,,,,,,,,P03,P01,P01,P01,P03,P03,P03,P03,P05,P04,P07,P07,P09,P09,P09,P09,P09,P09,P09,P09,P07,P07,P13,P13,P13,P13,P12,P10,P24,P24,P24,P24,P24,P24,P24,P24,P24,P24,P24,P24,P24,P24,P24,P24,P24,P21,P21,P16,P02,P02,P02,P02,P02,P02,P02,P14,P08,P03,,,,,,,,,,,,,,,,,
74,,,,,,,,,,,,P03,P14,P10,P19,P03,,,,,P03,P03,P03,P05,P05,P07,P09,P07,P07,P09,P09,P13,P13,P13,P13,P13,P13,P13,P12,P10,P24,P24,P24,P24,P24,P24,P24,P24,P24,P24,P24,P24,P24,P24,P24,P24,P21,P21,P21,P16,P04,P02,P02,P02,P02,P02,P04,P16,P16,P03,,,,,,,,,,,,,,,,,
75,,,,,,,,,,,,P03,P19,P19,P16,P03,,,,,,,,P03,P03,P02,P05,P07,P05,P09,P07,P13,P13,P13,P13,P13,P13,P13,P12,P06,P24,P24,P24,P24,P24,P24,P24,P24,P24,P24,P24,P24,P24,P24,P24,P24,P21,P24,P19,P16,P04,P02,P02,P02,P02,P02,P10,P16,P03,,,,,,,,,,,,,,,,,,
76,,,,,,,,,,,P03,P23,P23,P16,P03,P03,,,,,,,,,,P03,P03,P02,P02,P05,P05,P13,P13,P13,P05,P13,P13,P13,P12,P10,P16,P21,P24,P24,P24,P24,P24,P24,P24,P24,P24,P24,P24,P24,P24,P24,P24,P19,P16,P16,P02,P02,P02,P02,P02,P02,P14,P16,P03,,,,,,,,,,,,,,,,,,
77,,,,,,,,,,,P03,P17,P19,P10,P03,P03,,,,,,,,,,,,P03,P04,P04,P07,P09,P09,P13,P07,P13,P13,P13,P12,P06,P16,P16,P16,P19,P21,P24,P24,P24,P24,P24,P24,P24,P24,P24,P24,P24,P19,P16,P16,P10,P01,P02,P02,P02,P02,P02,P16,P03,,,,,,,,,,,,,,,,,,,
78,,,,,,,,,,,P03,P17,P17,P06,P03,P03,,,,,,,,,,,,P03,P10,P06,P08,P08,P07,P07,P05,P09,P13,P13,P12,P06,P19,P16,P16,P16,P16,P19,P21,P24,P24,P24,P24,P24,P24,P21,P21,P16,P16,P16,P10,P01,P01,P02,P02,P02,P02,P03,P03,,,,,,,,,,,,,,,,,,,,
79,,,,,,,,,,,P03,P10,P17,P10,P06,P03,,,,,,,,,,,,,P03,P03,P03,P04,P07,P07,P05,P05,P09,P09,P12,P06,P21,P16,P16,P16,P16,P16,P16,P16,P24,P24,P24,P24,P21,P16,P16,P16,P16,P06,P01,P01,P01,P02,P02,P02,P03,,,,,,,,,,,,,,,,,,,,,,
80,,,,,,,,,,,P03,P06,P14,P19,P19,P03,,,,,,,,,,,,,,,P03,P03,P09,P09,P07,P05,P07,P08,P12,P01,P16,P16,P16,P16,P16,P16,P16,P16,P19,P24,P24,P24,P16,P16,P16,P14,P03,P01,P01,P01,P01,P01,P01,P03,,,,,,,,,,,,,,,,,,,,,,,
81,,,,,,,,,,,,P03,P06,P23,P03,,,,,,,,,,,,,,,,,,P03,P09,P09,P01,P04,P04,P06,P01,P01,P16,P16,P16,P16,P16,P16,P16,P19,P19,P19,P16,P16,P14,P01,P01,P01,P01,P01,P01,P01,P01,P01,P03,,,,,,,,,,,,,,,,,,,,,,,
82,,,,,,,,,,,,P03,P03,P03,,,,,,,,,,,,,,,,,,,,P03,P09,P01,P01,P04,P12,P01,P01,P14,P16,P16,P16,P16,P14,P10,P10,P14,P14,P14,P06,P01,P01,P01,P01,P01,P01,P01,P01,P01,P02,P02,P03,,,,,,,,,,,,,,,,,,,,,,
83,,,,,,,,,,,,P03,P03,P03,,,,,,,,,,,,,,,,,,,,P03,P05,P01,P01,P01,P06,P03,P01,P03,P06,P06,P01,P01,P01,P01,P01,P01,P01,P01,P01,P01,P01,P01,P01,P01,P01,P01,P01,P01,P02,P02,P03,,,,,,,,,,,,,,,,,,,,,,
84,,,,,,,,,,,,,,,,,,,,,,,,,,,,,,,,,,P03,P04,P01,P01,P01,P06,P03,P03,P03,P03,P01,P01,P01,P01,P02,P02,P02,P01,P01,P01,P01,P01,P01,P01,P01,P01,P01,P01,P01,P01,P02,P03,,,,,,,,,,,,,,,,,,,,,,
85,,,,,,,,,,,,,,,,,,,,,,,,,,,,,,,,,,P03,P04,P03,P01,P01,P01,P03,P03,P03,P01,P01,P01,P01,P01,P02,P02,P02,P02,P02,P02,P01,P01,P01,P01,P01,P01,P02,P01,P01,P01,P02,P03,,,,,,,,,,,,,,,,,,,,,,
86,,,,,,,,,,,,,,,,,,,,,,,,,,,,,,,,,,P03,P04,P03,P01,P01,P01,P01,P01,P01,P01,P01,P01,P01,P01,P01,P02,P02,P02,P02,P02,P02,P02,P02,P02,P02,P02,P01,P02,P02,P02,P02,P02,P03,,,,,,,,,,,,,,,,,,,,,
87,,,,,,,,,,,,,,,,,,,,,,,,,,,,,,,,,,P03,P03,P03,P03,P03,P03,P03,P03,P03,P03,P03,P03,P03,P03,P03,P03,P03,P03,P03,P03,P03,P03,P03,P03,P03,P03,P03,P03,P03,P03,P03,P03,P03,P03,,,,,,,,,,,,,,,,,,,,
